Province,Annee,Mois,TemperatureMoyenne,NombreStations,FichierSource
AB,2023,1,-7.043529411764705,85,fr_climat_sommaires_AB_01-2023.csv
AB,2023,2,-8.634883720930233,86,fr_climat_sommaires_AB_02-2023.csv
AB,2023,3,-8.075294117647058,85,fr_climat_sommaires_AB_03-2023.csv
AB,2023,4,3.9552941176470586,85,fr_climat_sommaires_AB_04-2023.csv
AB,2023,5,14.309411764705882,85,fr_climat_sommaires_AB_05-2023.csv
AB,2023,6,15.935632183908046,87,fr_climat_sommaires_AB_06-2023.csv
AB,2023,7,17.247126436781606,87,fr_climat_sommaires_AB_07-2023.csv
AB,2023,8,16.873563218390803,87,fr_climat_sommaires_AB_08-2023.csv
AB,2023,9,12.161627906976742,86,fr_climat_sommaires_AB_09-2023.csv
AB,2023,10,4.12906976744186,86,fr_climat_sommaires_AB_10-2023.csv
AB,2023,11,-0.7482758620689656,87,fr_climat_sommaires_AB_11-2023.csv
AB,2023,12,-3.0197674418604645,86,fr_climat_sommaires_AB_12-2023.csv
AB,2024,1,-12.866279069767442,86,fr_climat_sommaires_AB_01-2024.csv
AB,2024,2,-6.708139534883722,86,fr_climat_sommaires_AB_02-2024.csv
AB,2024,3,-5.606976744186045,86,fr_climat_sommaires_AB_03-2024.csv
AB,2024,4,4.745238095238095,84,fr_climat_sommaires_AB_04-2024.csv
AB,2024,5,9.43529411764706,85,fr_climat_sommaires_AB_05-2024.csv
AB,2024,6,12.641860465116277,86,fr_climat_sommaires_AB_06-2024.csv
AB,2024,7,19.308433734939758,83,fr_climat_sommaires_AB_07-2024.csv
AB,2024,8,16.624096385542167,83,fr_climat_sommaires_AB_08-2024.csv
AB,2024,9,13.367469879518072,83,fr_climat_sommaires_AB_09-2024.csv
AB,2024,10,5.38452380952381,84,fr_climat_sommaires_AB_10-2024.csv
AB,2024,11,-5.291463414634147,82,fr_climat_sommaires_AB_11-2024.csv
AB,2024,12,-6.936585365853658,82,fr_climat_sommaires_AB_12-2024.csv
AB,2025,1,-7.834146341463415,82,fr_climat_sommaires_AB_01-2025.csv
AB,2025,2,-14.799999999999999,81,fr_climat_sommaires_AB_02-2025.csv
AB,2025,3,-2.629268292682927,82,fr_climat_sommaires_AB_03-2025.csv
AB,2025,4,4.753658536585366,82,fr_climat_sommaires_AB_04-2025.csv
AB,2025,5,12.10843373493976,83,fr_climat_sommaires_AB_05-2025.csv
AB,2025,6,14.088095238095237,84,fr_climat_sommaires_AB_06-2025.csv
AB,2025,7,16.10240963855422,83,fr_climat_sommaires_AB_07-2025.csv
AB,2025,8,17.269879518072287,83,fr_climat_sommaires_AB_08-2025.csv
AB,2025,9,14.575903614457834,83,fr_climat_sommaires_AB_09-2025.csv
AB,2025,10,5.3506024096385545,83,fr_climat_sommaires_AB_10-2025.csv
AB,2025,11,-2.151190476190476,84,fr_climat_sommaires_AB_11-2025.csv
AB,2025,12,-12.974390243902441,82,fr_climat_sommaires_AB_12-2025.csv
BC,2023,1,1.5981308411214954,214,fr_climat_sommaires_BC_01-2023.csv
BC,2023,2,0.39380952380952405,210,fr_climat_sommaires_BC_02-2023.csv
BC,2023,3,2.690047393364929,211,fr_climat_sommaires_BC_03-2023.csv
BC,2023,4,6.757603686635945,217,fr_climat_sommaires_BC_04-2023.csv
BC,2023,5,14.60137614678899,218,fr_climat_sommaires_BC_05-2023.csv
BC,2023,6,15.747272727272728,220,fr_climat_sommaires_BC_06-2023.csv
BC,2023,7,18.293548387096774,217,fr_climat_sommaires_BC_07-2023.csv
BC,2023,8,18.394392523364484,214,fr_climat_sommaires_BC_08-2023.csv
BC,2023,9,13.80137614678899,218,fr_climat_sommaires_BC_09-2023.csv
BC,2023,10,8.836936936936938,222,fr_climat_sommaires_BC_10-2023.csv
BC,2023,11,3.982272727272727,220,fr_climat_sommaires_BC_11-2023.csv
BC,2023,12,3.0365296803652972,219,fr_climat_sommaires_BC_12-2023.csv
BC,2024,1,-0.899543378995434,219,fr_climat_sommaires_BC_01-2024.csv
BC,2024,2,1.7486238532110094,218,fr_climat_sommaires_BC_02-2024.csv
BC,2024,3,4.243981481481482,216,fr_climat_sommaires_BC_03-2024.csv
BC,2024,4,7.412844036697249,218,fr_climat_sommaires_BC_04-2024.csv
BC,2024,5,11.198623853211007,218,fr_climat_sommaires_BC_05-2024.csv
BC,2024,6,14.095909090909092,220,fr_climat_sommaires_BC_06-2024.csv
BC,2024,7,19.02420091324201,219,fr_climat_sommaires_BC_07-2024.csv
BC,2024,8,17.60456621004566,219,fr_climat_sommaires_BC_08-2024.csv
BC,2024,9,14.432568807339448,218,fr_climat_sommaires_BC_09-2024.csv
BC,2024,10,8.463302752293577,218,fr_climat_sommaires_BC_10-2024.csv
BC,2024,11,3.208675799086758,219,fr_climat_sommaires_BC_11-2024.csv
BC,2024,12,2.349769585253456,217,fr_climat_sommaires_BC_12-2024.csv
BC,2025,1,-0.01121495327102793,214,fr_climat_sommaires_BC_01-2025.csv
BC,2025,2,-1.8204651162790702,215,fr_climat_sommaires_BC_02-2025.csv
BC,2025,3,4.734579439252337,214,fr_climat_sommaires_BC_03-2025.csv
BC,2025,4,8.402790697674417,215,fr_climat_sommaires_BC_04-2025.csv
BC,2025,5,11.794835680751172,213,fr_climat_sommaires_BC_05-2025.csv
BC,2025,6,15.163849765258217,213,fr_climat_sommaires_BC_06-2025.csv
BC,2025,7,17.90566037735849,212,fr_climat_sommaires_BC_07-2025.csv
BC,2025,8,18.33157894736842,209,fr_climat_sommaires_BC_08-2025.csv
BC,2025,9,15.68254716981132,212,fr_climat_sommaires_BC_09-2025.csv
BC,2025,10,8.37323943661972,213,fr_climat_sommaires_BC_10-2025.csv
BC,2025,11,4.616190476190476,210,fr_climat_sommaires_BC_11-2025.csv
BC,2025,12,1.2691943127962084,211,fr_climat_sommaires_BC_12-2025.csv
MB,2023,1,-14.855555555555556,63,fr_climat_sommaires_MB_01-2023.csv
MB,2023,2,-16.88125,64,fr_climat_sommaires_MB_02-2023.csv
MB,2023,3,-13.17846153846154,65,fr_climat_sommaires_MB_03-2023.csv
MB,2023,4,-0.7469696969696971,66,fr_climat_sommaires_MB_04-2023.csv
MB,2023,5,13.043939393939395,66,fr_climat_sommaires_MB_05-2023.csv
MB,2023,6,18.646153846153847,65,fr_climat_sommaires_MB_06-2023.csv
MB,2023,7,16.91692307692308,65,fr_climat_sommaires_MB_07-2023.csv
MB,2023,8,17.60645161290323,62,fr_climat_sommaires_MB_08-2023.csv
MB,2023,9,14.807692307692308,65,fr_climat_sommaires_MB_09-2023.csv
MB,2023,10,4.531818181818182,66,fr_climat_sommaires_MB_10-2023.csv
MB,2023,11,-4.181818181818182,66,fr_climat_sommaires_MB_11-2023.csv
MB,2023,12,-6.992424242424241,66,fr_climat_sommaires_MB_12-2023.csv
MB,2024,1,-14.554545454545456,66,fr_climat_sommaires_MB_01-2024.csv
MB,2024,2,-10.309090909090909,66,fr_climat_sommaires_MB_02-2024.csv
MB,2024,3,-9.633333333333333,66,fr_climat_sommaires_MB_03-2024.csv
MB,2024,4,3.683076923076923,65,fr_climat_sommaires_MB_04-2024.csv
MB,2024,5,9.48181818181818,66,fr_climat_sommaires_MB_05-2024.csv
MB,2024,6,14.174626865671645,67,fr_climat_sommaires_MB_06-2024.csv
MB,2024,7,19.725373134328358,67,fr_climat_sommaires_MB_07-2024.csv
MB,2024,8,18.11641791044776,67,fr_climat_sommaires_MB_08-2024.csv
MB,2024,9,16.28307692307692,65,fr_climat_sommaires_MB_09-2024.csv
MB,2024,10,5.72686567164179,67,fr_climat_sommaires_MB_10-2024.csv
MB,2024,11,-2.7955223880597013,67,fr_climat_sommaires_MB_11-2024.csv
MB,2024,12,-12.738805970149256,67,fr_climat_sommaires_MB_12-2024.csv
MB,2025,1,-17.62985074626866,67,fr_climat_sommaires_MB_01-2025.csv
MB,2025,2,-18.571641791044776,67,fr_climat_sommaires_MB_02-2025.csv
MB,2025,3,-9.546268656716418,67,fr_climat_sommaires_MB_03-2025.csv
MB,2025,4,0.9164179104477613,67,fr_climat_sommaires_MB_04-2025.csv
MB,2025,5,11.349253731343284,67,fr_climat_sommaires_MB_05-2025.csv
MB,2025,6,15.195384615384615,65,fr_climat_sommaires_MB_06-2025.csv
MB,2025,7,17.89253731343284,67,fr_climat_sommaires_MB_07-2025.csv
MB,2025,8,17.90615384615385,65,fr_climat_sommaires_MB_08-2025.csv
MB,2025,9,14.675,64,fr_climat_sommaires_MB_09-2025.csv
MB,2025,10,7.321538461538461,65,fr_climat_sommaires_MB_10-2025.csv
MB,2025,11,-2.740909090909091,66,fr_climat_sommaires_MB_11-2025.csv
MB,2025,12,-18.296969696969697,66,fr_climat_sommaires_MB_12-2025.csv
NB,2023,1,-4.44,25,fr_climat_sommaires_NB_01-2023.csv
NB,2023,2,-8.78,25,fr_climat_sommaires_NB_02-2023.csv
NB,2023,3,-1.64,25,fr_climat_sommaires_NB_03-2023.csv
NB,2023,4,4.668000000000001,25,fr_climat_sommaires_NB_04-2023.csv
NB,2023,5,9.659999999999998,25,fr_climat_sommaires_NB_05-2023.csv
NB,2023,6,14.616000000000001,25,fr_climat_sommaires_NB_06-2023.csv
NB,2023,7,20.976,25,fr_climat_sommaires_NB_07-2023.csv
NB,2023,8,17.22,25,fr_climat_sommaires_NB_08-2023.csv
NB,2023,9,15.815999999999999,25,fr_climat_sommaires_NB_09-2023.csv
NB,2023,10,10.475999999999999,25,fr_climat_sommaires_NB_10-2023.csv
NB,2023,11,0.17200000000000004,25,fr_climat_sommaires_NB_11-2023.csv
NB,2023,12,-1.124,25,fr_climat_sommaires_NB_12-2023.csv
NB,2024,1,-6.668000000000001,25,fr_climat_sommaires_NB_01-2024.csv
NB,2024,2,-4.724,25,fr_climat_sommaires_NB_02-2024.csv
NB,2024,3,0.07199999999999998,25,fr_climat_sommaires_NB_03-2024.csv
NB,2024,4,4.248,25,fr_climat_sommaires_NB_04-2024.csv
NB,2024,5,11.18,25,fr_climat_sommaires_NB_05-2024.csv
NB,2024,6,16.732,25,fr_climat_sommaires_NB_06-2024.csv
NB,2024,7,20.276,25,fr_climat_sommaires_NB_07-2024.csv
NB,2024,8,18.756,25,fr_climat_sommaires_NB_08-2024.csv
NB,2024,9,15.208,25,fr_climat_sommaires_NB_09-2024.csv
NB,2024,10,8.852,25,fr_climat_sommaires_NB_10-2024.csv
NB,2024,11,3.6759999999999997,25,fr_climat_sommaires_NB_11-2024.csv
NB,2024,12,-3.9440000000000004,25,fr_climat_sommaires_NB_12-2024.csv
NB,2025,1,-8.084,25,fr_climat_sommaires_NB_01-2025.csv
NB,2025,2,-8.52,25,fr_climat_sommaires_NB_02-2025.csv
NB,2025,3,-1.152,25,fr_climat_sommaires_NB_03-2025.csv
NB,2025,4,4.0040000000000004,25,fr_climat_sommaires_NB_04-2025.csv
NB,2025,5,10.368,25,fr_climat_sommaires_NB_05-2025.csv
NB,2025,6,16.007999999999996,25,fr_climat_sommaires_NB_06-2025.csv
NB,2025,7,19.576,25,fr_climat_sommaires_NB_07-2025.csv
NB,2025,8,18.18,25,fr_climat_sommaires_NB_08-2025.csv
NB,2025,9,14.6,25,fr_climat_sommaires_NB_09-2025.csv
NB,2025,10,9.536,25,fr_climat_sommaires_NB_10-2025.csv
NB,2025,11,2.076,25,fr_climat_sommaires_NB_11-2025.csv
NB,2025,12,-6.827999999999999,25,fr_climat_sommaires_NB_12-2025.csv
NL,2023,1,-5.3446808510638295,47,fr_climat_sommaires_NL_01-2023.csv
NL,2023,2,-11.22340425531915,47,fr_climat_sommaires_NL_02-2023.csv
NL,2023,3,-3.078723404255319,47,fr_climat_sommaires_NL_03-2023.csv
NL,2023,4,0.8893617021276595,47,fr_climat_sommaires_NL_04-2023.csv
NL,2023,5,5.1553191489361705,47,fr_climat_sommaires_NL_05-2023.csv
NL,2023,6,9.929166666666667,48,fr_climat_sommaires_NL_06-2023.csv
NL,2023,7,18.210638297872343,47,fr_climat_sommaires_NL_07-2023.csv
NL,2023,8,15.606382978723406,47,fr_climat_sommaires_NL_08-2023.csv
NL,2023,9,13.117021276595743,47,fr_climat_sommaires_NL_09-2023.csv
NL,2023,10,8.172340425531916,47,fr_climat_sommaires_NL_10-2023.csv
NL,2023,11,0.07872340425531925,47,fr_climat_sommaires_NL_11-2023.csv
NL,2023,12,-1.7416666666666665,48,fr_climat_sommaires_NL_12-2023.csv
NL,2024,1,-7.219148936170212,47,fr_climat_sommaires_NL_01-2024.csv
NL,2024,2,-5.14468085106383,47,fr_climat_sommaires_NL_02-2024.csv
NL,2024,3,-1.7723404255319146,47,fr_climat_sommaires_NL_03-2024.csv
NL,2024,4,2.1382978723404253,47,fr_climat_sommaires_NL_04-2024.csv
NL,2024,5,6.1744680851063825,47,fr_climat_sommaires_NL_05-2024.csv
NL,2024,6,12.904255319148936,47,fr_climat_sommaires_NL_06-2024.csv
NL,2024,7,17.397916666666667,48,fr_climat_sommaires_NL_07-2024.csv
NL,2024,8,16.9125,48,fr_climat_sommaires_NL_08-2024.csv
NL,2024,9,13.025,48,fr_climat_sommaires_NL_09-2024.csv
NL,2024,10,7.04375,48,fr_climat_sommaires_NL_10-2024.csv
NL,2024,11,3.4458333333333333,48,fr_climat_sommaires_NL_11-2024.csv
NL,2024,12,-2.5583333333333336,48,fr_climat_sommaires_NL_12-2024.csv
NL,2025,1,-4.145652173913044,46,fr_climat_sommaires_NL_01-2025.csv
NL,2025,2,-7.371739130434782,46,fr_climat_sommaires_NL_02-2025.csv
NL,2025,3,-3.5377777777777784,45,fr_climat_sommaires_NL_03-2025.csv
NL,2025,4,0.7977777777777777,45,fr_climat_sommaires_NL_04-2025.csv
NL,2025,5,5.593478260869565,46,fr_climat_sommaires_NL_05-2025.csv
NL,2025,6,11.931914893617023,47,fr_climat_sommaires_NL_06-2025.csv
NL,2025,7,16.393478260869564,46,fr_climat_sommaires_NL_07-2025.csv
NL,2025,8,15.747826086956524,46,fr_climat_sommaires_NL_08-2025.csv
NL,2025,9,12.243478260869566,46,fr_climat_sommaires_NL_09-2025.csv
NL,2025,10,8.024444444444446,45,fr_climat_sommaires_NL_10-2025.csv
NL,2025,11,2.4608695652173913,46,fr_climat_sommaires_NL_11-2025.csv
NL,2025,12,-4.72,45,fr_climat_sommaires_NL_12-2025.csv
NS,2023,1,0.49,50,fr_climat_sommaires_NS_01-2023.csv
NS,2023,2,-4.5280000000000005,50,fr_climat_sommaires_NS_02-2023.csv
NS,2023,3,-0.20200000000000004,50,fr_climat_sommaires_NS_03-2023.csv
NS,2023,4,4.9183673469387745,49,fr_climat_sommaires_NS_04-2023.csv
NS,2023,5,8.49375,48,fr_climat_sommaires_NS_05-2023.csv
NS,2023,6,14.045833333333334,48,fr_climat_sommaires_NS_06-2023.csv
NS,2023,7,20.289583333333336,48,fr_climat_sommaires_NS_07-2023.csv
NS,2023,8,17.979166666666668,48,fr_climat_sommaires_NS_08-2023.csv
NS,2023,9,16.7,48,fr_climat_sommaires_NS_09-2023.csv
NS,2023,10,11.710416666666665,48,fr_climat_sommaires_NS_10-2023.csv
NS,2023,11,3.1770833333333335,48,fr_climat_sommaires_NS_11-2023.csv
NS,2023,12,1.4531914893617017,47,fr_climat_sommaires_NS_12-2023.csv
NS,2024,1,-2.8130434782608704,46,fr_climat_sommaires_NS_01-2024.csv
NS,2024,2,-2.2108695652173918,46,fr_climat_sommaires_NS_02-2024.csv
NS,2024,3,2.176595744680851,47,fr_climat_sommaires_NS_03-2024.csv
NS,2024,4,4.4624999999999995,48,fr_climat_sommaires_NS_04-2024.csv
NS,2024,5,9.985416666666667,48,fr_climat_sommaires_NS_05-2024.csv
NS,2024,6,15.297916666666666,48,fr_climat_sommaires_NS_06-2024.csv
NS,2024,7,19.306250000000002,48,fr_climat_sommaires_NS_07-2024.csv
NS,2024,8,18.88125,48,fr_climat_sommaires_NS_08-2024.csv
NS,2024,9,15.7125,48,fr_climat_sommaires_NS_09-2024.csv
NS,2024,10,10.310416666666667,48,fr_climat_sommaires_NS_10-2024.csv
NS,2024,11,5.972916666666667,48,fr_climat_sommaires_NS_11-2024.csv
NS,2024,12,-0.3958333333333333,48,fr_climat_sommaires_NS_12-2024.csv
NS,2025,1,-3.670833333333333,48,fr_climat_sommaires_NS_01-2025.csv
NS,2025,2,-4.862500000000001,48,fr_climat_sommaires_NS_02-2025.csv
NS,2025,3,1.3625,48,fr_climat_sommaires_NS_03-2025.csv
NS,2025,4,4.54375,48,fr_climat_sommaires_NS_04-2025.csv
NS,2025,5,9.862499999999999,48,fr_climat_sommaires_NS_05-2025.csv
NS,2025,6,14.737499999999999,48,fr_climat_sommaires_NS_06-2025.csv
NS,2025,7,18.691666666666666,48,fr_climat_sommaires_NS_07-2025.csv
NS,2025,8,18.110416666666666,48,fr_climat_sommaires_NS_08-2025.csv
NS,2025,9,15.722916666666668,48,fr_climat_sommaires_NS_09-2025.csv
NS,2025,10,11.450000000000001,48,fr_climat_sommaires_NS_10-2025.csv
NS,2025,11,4.59375,48,fr_climat_sommaires_NS_11-2025.csv
NS,2025,12,-1.8729166666666668,48,fr_climat_sommaires_NS_12-2025.csv
NT,2023,1,-20.67377049180328,61,fr_climat_sommaires_NT_01-2023.csv
NT,2023,2,-26.693103448275867,58,fr_climat_sommaires_NT_02-2023.csv
NT,2023,3,-18.500000000000004,58,fr_climat_sommaires_NT_03-2023.csv
NT,2023,4,-7.205084745762712,59,fr_climat_sommaires_NT_04-2023.csv
NT,2023,5,7.413793103448277,58,fr_climat_sommaires_NT_05-2023.csv
NT,2023,6,12.536666666666665,60,fr_climat_sommaires_NT_06-2023.csv
NT,2023,7,17.476666666666667,60,fr_climat_sommaires_NT_07-2023.csv
NT,2023,8,13.647540983606557,61,fr_climat_sommaires_NT_08-2023.csv
NT,2023,9,8.211475409836066,61,fr_climat_sommaires_NT_09-2023.csv
NT,2023,10,-0.30508474576271183,59,fr_climat_sommaires_NT_10-2023.csv
NT,2023,11,-10.95689655172414,58,fr_climat_sommaires_NT_11-2023.csv
NT,2023,12,-16.45357142857143,56,fr_climat_sommaires_NT_12-2023.csv
NT,2024,1,-26.82105263157895,57,fr_climat_sommaires_NT_01-2024.csv
NT,2024,2,-20.714285714285715,56,fr_climat_sommaires_NT_02-2024.csv
NT,2024,3,-18.505357142857147,56,fr_climat_sommaires_NT_03-2024.csv
NT,2024,4,-5.201754385964913,57,fr_climat_sommaires_NT_04-2024.csv
NT,2024,5,4.432142857142857,56,fr_climat_sommaires_NT_05-2024.csv
NT,2024,6,11.203571428571427,56,fr_climat_sommaires_NT_06-2024.csv
NT,2024,7,15.292982456140352,57,fr_climat_sommaires_NT_07-2024.csv
NT,2024,8,13.79310344827586,58,fr_climat_sommaires_NT_08-2024.csv
NT,2024,9,7.794736842105263,57,fr_climat_sommaires_NT_09-2024.csv
NT,2024,10,-2.3684210526315788,57,fr_climat_sommaires_NT_10-2024.csv
NT,2024,11,-15.100000000000001,57,fr_climat_sommaires_NT_11-2024.csv
NT,2024,12,-21.30877192982456,57,fr_climat_sommaires_NT_12-2024.csv
NT,2025,1,-19.12758620689655,58,fr_climat_sommaires_NT_01-2025.csv
NT,2025,2,-23.03392857142857,56,fr_climat_sommaires_NT_02-2025.csv
NT,2025,3,-20.070175438596486,57,fr_climat_sommaires_NT_03-2025.csv
NT,2025,4,-6.167857142857143,56,fr_climat_sommaires_NT_04-2025.csv
NT,2025,5,3.1160714285714284,56,fr_climat_sommaires_NT_05-2025.csv
NT,2025,6,11.294545454545455,55,fr_climat_sommaires_NT_06-2025.csv
NT,2025,7,13.216363636363633,55,fr_climat_sommaires_NT_07-2025.csv
NT,2025,8,13.208771929824561,57,fr_climat_sommaires_NT_08-2025.csv
NT,2025,9,8.675862068965516,58,fr_climat_sommaires_NT_09-2025.csv
NT,2025,10,-0.4017241379310345,58,fr_climat_sommaires_NT_10-2025.csv
NT,2025,11,-11.008928571428571,56,fr_climat_sommaires_NT_11-2025.csv
NT,2025,12,-26.782142857142855,56,fr_climat_sommaires_NT_12-2025.csv
NU,2023,1,-29.079452054794515,73,fr_climat_sommaires_NU_01-2023.csv
NU,2023,2,-34.11911764705882,68,fr_climat_sommaires_NU_02-2023.csv
NU,2023,3,-24.432835820895523,67,fr_climat_sommaires_NU_03-2023.csv
NU,2023,4,-16.392424242424244,66,fr_climat_sommaires_NU_04-2023.csv
NU,2023,5,-4.1523076923076925,65,fr_climat_sommaires_NU_05-2023.csv
NU,2023,6,3.9000000000000004,67,fr_climat_sommaires_NU_06-2023.csv
NU,2023,7,8.924285714285713,70,fr_climat_sommaires_NU_07-2023.csv
NU,2023,8,7.818571428571429,70,fr_climat_sommaires_NU_08-2023.csv
NU,2023,9,2.4128571428571424,70,fr_climat_sommaires_NU_09-2023.csv
NU,2023,10,-3.7650793650793655,63,fr_climat_sommaires_NU_10-2023.csv
NU,2023,11,-12.8171875,64,fr_climat_sommaires_NU_11-2023.csv
NU,2023,12,-18.3734375,64,fr_climat_sommaires_NU_12-2023.csv
NU,2024,1,-25.830158730158733,63,fr_climat_sommaires_NU_01-2024.csv
NU,2024,2,-27.35645161290323,62,fr_climat_sommaires_NU_02-2024.csv
NU,2024,3,-24.232786885245908,61,fr_climat_sommaires_NU_03-2024.csv
NU,2024,4,-14.190163934426232,61,fr_climat_sommaires_NU_04-2024.csv
NU,2024,5,-4.509836065573771,61,fr_climat_sommaires_NU_05-2024.csv
NU,2024,6,3.3540983606557377,61,fr_climat_sommaires_NU_06-2024.csv
NU,2024,7,8.155932203389831,59,fr_climat_sommaires_NU_07-2024.csv
NU,2024,8,8.41451612903226,62,fr_climat_sommaires_NU_08-2024.csv
NU,2024,9,4.391935483870967,62,fr_climat_sommaires_NU_09-2024.csv
NU,2024,10,-2.341269841269842,63,fr_climat_sommaires_NU_10-2024.csv
NU,2024,11,-12.287500000000001,64,fr_climat_sommaires_NU_11-2024.csv
NU,2024,12,-21.8640625,64,fr_climat_sommaires_NU_12-2024.csv
NU,2025,1,-25.9171875,64,fr_climat_sommaires_NU_01-2025.csv
NU,2025,2,-25.727419354838716,62,fr_climat_sommaires_NU_02-2025.csv
NU,2025,3,-23.684126984126987,63,fr_climat_sommaires_NU_03-2025.csv
NU,2025,4,-16.916129032258063,62,fr_climat_sommaires_NU_04-2025.csv
NU,2025,5,-6.1952380952380945,63,fr_climat_sommaires_NU_05-2025.csv
NU,2025,6,4.162295081967213,61,fr_climat_sommaires_NU_06-2025.csv
NU,2025,7,7.5390625,64,fr_climat_sommaires_NU_07-2025.csv
NU,2025,8,6.8984375,64,fr_climat_sommaires_NU_08-2025.csv
NU,2025,9,2.5384615384615383,65,fr_climat_sommaires_NU_09-2025.csv
NU,2025,10,-2.487692307692308,65,fr_climat_sommaires_NU_10-2025.csv
NU,2025,11,-10.936923076923078,65,fr_climat_sommaires_NU_11-2025.csv
NU,2025,12,-24.05076923076923,65,fr_climat_sommaires_NU_12-2025.csv
ON,2023,1,-6.278313253012047,166,fr_climat_sommaires_ON_01-2023.csv
ON,2023,2,-7.667901234567902,162,fr_climat_sommaires_ON_02-2023.csv
ON,2023,3,-3.704878048780487,164,fr_climat_sommaires_ON_03-2023.csv
ON,2023,4,4.601226993865031,163,fr_climat_sommaires_ON_04-2023.csv
ON,2023,5,11.559876543209876,162,fr_climat_sommaires_ON_05-2023.csv
ON,2023,6,17.514457831325302,166,fr_climat_sommaires_ON_06-2023.csv
ON,2023,7,19.254601226993866,163,fr_climat_sommaires_ON_07-2023.csv
ON,2023,8,17.664634146341463,164,fr_climat_sommaires_ON_08-2023.csv
ON,2023,9,15.972121212121213,165,fr_climat_sommaires_ON_09-2023.csv
ON,2023,10,9.284662576687117,163,fr_climat_sommaires_ON_10-2023.csv
ON,2023,11,0.09316770186335421,161,fr_climat_sommaires_ON_11-2023.csv
ON,2023,12,-1.2093750000000003,160,fr_climat_sommaires_ON_12-2023.csv
ON,2024,1,-7.053125,160,fr_climat_sommaires_ON_01-2024.csv
ON,2024,2,-4.463125,160,fr_climat_sommaires_ON_02-2024.csv
ON,2024,3,-0.850632911392405,158,fr_climat_sommaires_ON_03-2024.csv
ON,2024,4,5.58125,160,fr_climat_sommaires_ON_04-2024.csv
ON,2024,5,12.936250000000001,160,fr_climat_sommaires_ON_05-2024.csv
ON,2024,6,17.308125,160,fr_climat_sommaires_ON_06-2024.csv
ON,2024,7,20.11898734177215,158,fr_climat_sommaires_ON_07-2024.csv
ON,2024,8,19.00886075949367,158,fr_climat_sommaires_ON_08-2024.csv
ON,2024,9,16.859493670886078,158,fr_climat_sommaires_ON_09-2024.csv
ON,2024,10,9.122641509433961,159,fr_climat_sommaires_ON_10-2024.csv
ON,2024,11,3.552564102564103,156,fr_climat_sommaires_ON_11-2024.csv
ON,2024,12,-5.031612903225806,155,fr_climat_sommaires_ON_12-2024.csv
ON,2025,1,-10.936538461538461,156,fr_climat_sommaires_ON_01-2025.csv
ON,2025,2,-10.278205128205128,156,fr_climat_sommaires_ON_02-2025.csv
ON,2025,3,-2.6670967741935487,155,fr_climat_sommaires_ON_03-2025.csv
ON,2025,4,3.547096774193548,155,fr_climat_sommaires_ON_04-2025.csv
ON,2025,5,11.13225806451613,155,fr_climat_sommaires_ON_05-2025.csv
ON,2025,6,17.118181818181817,154,fr_climat_sommaires_ON_06-2025.csv
ON,2025,7,20.05576923076923,156,fr_climat_sommaires_ON_07-2025.csv
ON,2025,8,18.609615384615385,156,fr_climat_sommaires_ON_08-2025.csv
ON,2025,9,15.348387096774193,155,fr_climat_sommaires_ON_09-2025.csv
ON,2025,10,9.607051282051282,156,fr_climat_sommaires_ON_10-2025.csv
ON,2025,11,0.48553459119496867,159,fr_climat_sommaires_ON_11-2025.csv
ON,2025,12,-8.75253164556962,158,fr_climat_sommaires_ON_12-2025.csv
PE,2023,1,-2.088888888888889,9,fr_climat_sommaires_PE_01-2023.csv
PE,2023,2,-7.411111111111111,9,fr_climat_sommaires_PE_02-2023.csv
PE,2023,3,-2.2333333333333334,9,fr_climat_sommaires_PE_03-2023.csv
PE,2023,4,3.5555555555555554,9,fr_climat_sommaires_PE_04-2023.csv
PE,2023,5,8.47777777777778,9,fr_climat_sommaires_PE_05-2023.csv
PE,2023,6,14.255555555555553,9,fr_climat_sommaires_PE_06-2023.csv
PE,2023,7,21.477777777777774,9,fr_climat_sommaires_PE_07-2023.csv
PE,2023,8,17.875,8,fr_climat_sommaires_PE_08-2023.csv
PE,2023,9,16.6875,8,fr_climat_sommaires_PE_09-2023.csv
PE,2023,10,11.5,8,fr_climat_sommaires_PE_10-2023.csv
PE,2023,11,2.2874999999999996,8,fr_climat_sommaires_PE_11-2023.csv
PE,2023,12,0.6375,8,fr_climat_sommaires_PE_12-2023.csv
PE,2024,1,-4.2625,8,fr_climat_sommaires_PE_01-2024.csv
PE,2024,2,-3.5,8,fr_climat_sommaires_PE_02-2024.csv
PE,2024,3,1.025,8,fr_climat_sommaires_PE_03-2024.csv
PE,2024,4,3.7,8,fr_climat_sommaires_PE_04-2024.csv
PE,2024,5,9.5625,8,fr_climat_sommaires_PE_05-2024.csv
PE,2024,6,15.712499999999999,8,fr_climat_sommaires_PE_06-2024.csv
PE,2024,7,20.950000000000003,8,fr_climat_sommaires_PE_07-2024.csv
PE,2024,8,20.0625,8,fr_climat_sommaires_PE_08-2024.csv
PE,2024,9,16.1375,8,fr_climat_sommaires_PE_09-2024.csv
PE,2024,10,10.3125,8,fr_climat_sommaires_PE_10-2024.csv
PE,2024,11,5.15,8,fr_climat_sommaires_PE_11-2024.csv
PE,2024,12,-1.8000000000000003,8,fr_climat_sommaires_PE_12-2024.csv
PE,2025,1,-5.425000000000001,8,fr_climat_sommaires_PE_01-2025.csv
PE,2025,2,-7.0125,8,fr_climat_sommaires_PE_02-2025.csv
PE,2025,3,-0.02500000000000001,8,fr_climat_sommaires_PE_03-2025.csv
PE,2025,4,3.375,8,fr_climat_sommaires_PE_04-2025.csv
PE,2025,5,9.3625,8,fr_climat_sommaires_PE_05-2025.csv
PE,2025,6,15.8875,8,fr_climat_sommaires_PE_06-2025.csv
PE,2025,7,19.9125,8,fr_climat_sommaires_PE_07-2025.csv
PE,2025,8,18.8375,8,fr_climat_sommaires_PE_08-2025.csv
PE,2025,9,15.8375,8,fr_climat_sommaires_PE_09-2025.csv
PE,2025,10,11.1375,8,fr_climat_sommaires_PE_10-2025.csv
PE,2025,11,3.6625,8,fr_climat_sommaires_PE_11-2025.csv
PE,2025,12,-3.6999999999999997,8,fr_climat_sommaires_PE_12-2025.csv
QC,2023,1,-11.057894736842105,133,fr_climat_sommaires_QC_01-2023.csv
QC,2023,2,-14.92481203007519,133,fr_climat_sommaires_QC_02-2023.csv
QC,2023,3,-5.875939849624059,133,fr_climat_sommaires_QC_03-2023.csv
QC,2023,4,1.7000000000000002,134,fr_climat_sommaires_QC_04-2023.csv
QC,2023,5,8.099253731343284,134,fr_climat_sommaires_QC_05-2023.csv
QC,2023,6,14.069852941176471,136,fr_climat_sommaires_QC_06-2023.csv
QC,2023,7,18.06888888888889,135,fr_climat_sommaires_QC_07-2023.csv
QC,2023,8,15.493382352941175,136,fr_climat_sommaires_QC_08-2023.csv
QC,2023,9,13.488148148148147,135,fr_climat_sommaires_QC_09-2023.csv
QC,2023,10,8.125185185185186,135,fr_climat_sommaires_QC_10-2023.csv
QC,2023,11,-2.362962962962963,135,fr_climat_sommaires_QC_11-2023.csv
QC,2023,12,-5.273333333333333,135,fr_climat_sommaires_QC_12-2023.csv
QC,2024,1,-10.846666666666664,135,fr_climat_sommaires_QC_01-2024.csv
QC,2024,2,-9.958518518518519,135,fr_climat_sommaires_QC_02-2024.csv
QC,2024,3,-3.9029629629629627,135,fr_climat_sommaires_QC_03-2024.csv
QC,2024,4,1.7637037037037038,135,fr_climat_sommaires_QC_04-2024.csv
QC,2024,5,9.546666666666669,135,fr_climat_sommaires_QC_05-2024.csv
QC,2024,6,14.97111111111111,135,fr_climat_sommaires_QC_06-2024.csv
QC,2024,7,17.780597014925373,134,fr_climat_sommaires_QC_07-2024.csv
QC,2024,8,16.61268656716418,134,fr_climat_sommaires_QC_08-2024.csv
QC,2024,9,13.643703703703704,135,fr_climat_sommaires_QC_09-2024.csv
QC,2024,10,6.727407407407408,135,fr_climat_sommaires_QC_10-2024.csv
QC,2024,11,1.2244444444444444,135,fr_climat_sommaires_QC_11-2024.csv
QC,2024,12,-7.374074074074074,135,fr_climat_sommaires_QC_12-2024.csv
QC,2025,1,-11.514074074074072,135,fr_climat_sommaires_QC_01-2025.csv
QC,2025,2,-13.539259259259262,135,fr_climat_sommaires_QC_02-2025.csv
QC,2025,3,-7.1074074074074085,135,fr_climat_sommaires_QC_03-2025.csv
QC,2025,4,0.11194029850746247,134,fr_climat_sommaires_QC_04-2025.csv
QC,2025,5,7.714814814814815,135,fr_climat_sommaires_QC_05-2025.csv
QC,2025,6,13.547407407407409,135,fr_climat_sommaires_QC_06-2025.csv
QC,2025,7,16.87111111111111,135,fr_climat_sommaires_QC_07-2025.csv
QC,2025,8,15.815555555555555,135,fr_climat_sommaires_QC_08-2025.csv
QC,2025,9,11.891044776119404,134,fr_climat_sommaires_QC_09-2025.csv
QC,2025,10,7.444117647058825,136,fr_climat_sommaires_QC_10-2025.csv
QC,2025,11,-1.0727941176470588,136,fr_climat_sommaires_QC_11-2025.csv
QC,2025,12,-10.941176470588236,136,fr_climat_sommaires_QC_12-2025.csv
SK,2023,1,-12.005194805194805,77,fr_climat_sommaires_SK_01-2023.csv
SK,2023,2,-13.696153846153846,78,fr_climat_sommaires_SK_02-2023.csv
SK,2023,3,-12.410126582278481,79,fr_climat_sommaires_SK_03-2023.csv
SK,2023,4,0.7227848101265822,79,fr_climat_sommaires_SK_04-2023.csv
SK,2023,5,14.230769230769234,78,fr_climat_sommaires_SK_05-2023.csv
SK,2023,6,18.11948051948052,77,fr_climat_sommaires_SK_06-2023.csv
SK,2023,7,17.43896103896104,77,fr_climat_sommaires_SK_07-2023.csv
SK,2023,8,17.74736842105263,76,fr_climat_sommaires_SK_08-2023.csv
SK,2023,9,14.263157894736842,76,fr_climat_sommaires_SK_09-2023.csv
SK,2023,10,3.8480519480519484,77,fr_climat_sommaires_SK_10-2023.csv
SK,2023,11,-2.818421052631579,76,fr_climat_sommaires_SK_11-2023.csv
SK,2023,12,-4.919736842105263,76,fr_climat_sommaires_SK_12-2023.csv
SK,2024,1,-15.17368421052632,76,fr_climat_sommaires_SK_01-2024.csv
SK,2024,2,-8.902631578947368,76,fr_climat_sommaires_SK_02-2024.csv
SK,2024,3,-8.823684210526316,76,fr_climat_sommaires_SK_03-2024.csv
SK,2024,4,5.3697368421052625,76,fr_climat_sommaires_SK_04-2024.csv
SK,2024,5,9.993421052631579,76,fr_climat_sommaires_SK_05-2024.csv
SK,2024,6,13.286842105263158,76,fr_climat_sommaires_SK_06-2024.csv
SK,2024,7,19.90266666666667,75,fr_climat_sommaires_SK_07-2024.csv
SK,2024,8,17.788,75,fr_climat_sommaires_SK_08-2024.csv
SK,2024,9,15.034666666666665,75,fr_climat_sommaires_SK_09-2024.csv
SK,2024,10,5.742666666666667,75,fr_climat_sommaires_SK_10-2024.csv
SK,2024,11,-5.710666666666667,75,fr_climat_sommaires_SK_11-2024.csv
SK,2024,12,-11.845333333333333,75,fr_climat_sommaires_SK_12-2024.csv
SK,2025,1,-14.190666666666665,75,fr_climat_sommaires_SK_01-2025.csv
SK,2025,2,-18.83866666666667,75,fr_climat_sommaires_SK_02-2025.csv
SK,2025,3,-6.396000000000001,75,fr_climat_sommaires_SK_03-2025.csv
SK,2025,4,3.244,75,fr_climat_sommaires_SK_04-2025.csv
SK,2025,5,12.493333333333334,75,fr_climat_sommaires_SK_05-2025.csv
SK,2025,6,14.927999999999999,75,fr_climat_sommaires_SK_06-2025.csv
SK,2025,7,17.069333333333333,75,fr_climat_sommaires_SK_07-2025.csv
SK,2025,8,18.185526315789474,76,fr_climat_sommaires_SK_08-2025.csv
SK,2025,9,14.794594594594594,74,fr_climat_sommaires_SK_09-2025.csv
SK,2025,10,6.018055555555556,72,fr_climat_sommaires_SK_10-2025.csv
SK,2025,11,-3.129166666666667,72,fr_climat_sommaires_SK_11-2025.csv
SK,2025,12,-16.554794520547944,73,fr_climat_sommaires_SK_12-2025.csv
YT,2023,1,-14.571428571428573,28,fr_climat_sommaires_YT_01-2023.csv
YT,2023,2,-19.189285714285717,28,fr_climat_sommaires_YT_02-2023.csv
YT,2023,3,-12.5,28,fr_climat_sommaires_YT_03-2023.csv
YT,2023,4,-4.307142857142858,28,fr_climat_sommaires_YT_04-2023.csv
YT,2023,5,7.52962962962963,27,fr_climat_sommaires_YT_05-2023.csv
YT,2023,6,12.59642857142857,28,fr_climat_sommaires_YT_06-2023.csv
YT,2023,7,17.425,28,fr_climat_sommaires_YT_07-2023.csv
YT,2023,8,14.235714285714284,28,fr_climat_sommaires_YT_08-2023.csv
YT,2023,9,6.658620689655173,29,fr_climat_sommaires_YT_09-2023.csv
YT,2023,10,-2.492857142857143,28,fr_climat_sommaires_YT_10-2023.csv
YT,2023,11,-9.60714285714286,28,fr_climat_sommaires_YT_11-2023.csv
YT,2023,12,-15.096428571428572,28,fr_climat_sommaires_YT_12-2023.csv
YT,2024,1,-23.40370370370371,27,fr_climat_sommaires_YT_01-2024.csv
YT,2024,2,-18.01851851851852,27,fr_climat_sommaires_YT_02-2024.csv
YT,2024,3,-9.677777777777779,27,fr_climat_sommaires_YT_03-2024.csv
YT,2024,4,-1.011111111111111,27,fr_climat_sommaires_YT_04-2024.csv
YT,2024,5,5.640740740740741,27,fr_climat_sommaires_YT_05-2024.csv
YT,2024,6,13.36296296296296,27,fr_climat_sommaires_YT_06-2024.csv
YT,2024,7,14.985185185185186,27,fr_climat_sommaires_YT_07-2024.csv
YT,2024,8,12.432142857142859,28,fr_climat_sommaires_YT_08-2024.csv
YT,2024,9,6.417857142857144,28,fr_climat_sommaires_YT_09-2024.csv
YT,2024,10,-3.6892857142857145,28,fr_climat_sommaires_YT_10-2024.csv
YT,2024,11,-15.085714285714289,28,fr_climat_sommaires_YT_11-2024.csv
YT,2024,12,-16.940740740740743,27,fr_climat_sommaires_YT_12-2024.csv
YT,2025,1,-15.511111111111111,27,fr_climat_sommaires_YT_01-2025.csv
YT,2025,2,-18.62222222222222,27,fr_climat_sommaires_YT_02-2025.csv
YT,2025,3,-10.27037037037037,27,fr_climat_sommaires_YT_03-2025.csv
YT,2025,4,-0.2703703703703705,27,fr_climat_sommaires_YT_04-2025.csv
YT,2025,5,4.951851851851853,27,fr_climat_sommaires_YT_05-2025.csv
YT,2025,6,12.692592592592595,27,fr_climat_sommaires_YT_06-2025.csv
YT,2025,7,14.777777777777779,27,fr_climat_sommaires_YT_07-2025.csv
YT,2025,8,13.114814814814816,27,fr_climat_sommaires_YT_08-2025.csv
YT,2025,9,8.274074074074074,27,fr_climat_sommaires_YT_09-2025.csv
YT,2025,10,0.11481481481481483,27,fr_climat_sommaires_YT_10-2025.csv
YT,2025,11,-10.39259259259259,27,fr_climat_sommaires_YT_11-2025.csv
YT,2025,12,-29.073076923076922,26,fr_climat_sommaires_YT_12-2025.csv
