Province,Methode,PenteParDecennie,IC95_Bas,IC95_Haut,PValeur,NbAnnees
AB,moyenne_simple,0.4451,0.0667,0.8234,0.0231,26
AB,anomalie_toutes_stations,0.155,-0.2278,0.5377,0.4116,26
AB,anomalie_stations_longues,0.2484,-0.1375,0.6342,0.1965,26
BC,moyenne_simple,0.5514,0.2707,0.8322,0.0005,26
BC,anomalie_toutes_stations,0.2468,-0.0277,0.5213,0.0758,26
BC,anomalie_stations_longues,0.3102,0.0368,0.5835,0.0278,26
CANADA,moyenne_simple,0.1933,-0.131,0.5176,0.2306,26
CANADA,anomalie_toutes_stations,0.2977,-0.0217,0.6171,0.0664,26
CANADA,anomalie_stations_longues,0.3531,0.0384,0.6678,0.0294,26
MB,moyenne_simple,-0.0718,-0.6518,0.5081,0.8004,26
MB,anomalie_toutes_stations,0.2494,-0.3201,0.8189,0.375,26
MB,anomalie_stations_longues,0.3284,-0.245,0.9019,0.2488,26
NB,moyenne_simple,0.2878,-0.0919,0.6676,0.1308,26
NB,anomalie_toutes_stations,0.1955,-0.1806,0.5716,0.294,26
NB,anomalie_stations_longues,0.123,-0.2577,0.5036,0.5113,26
NL,moyenne_simple,-0.0203,-0.4558,0.4151,0.924,26
NL,anomalie_toutes_stations,0.2147,-0.2031,0.6324,0.2995,26
NL,anomalie_stations_longues,0.2439,-0.1643,0.6522,0.2295,26
NS,moyenne_simple,0.3652,0.0546,0.6759,0.0231,26
NS,anomalie_toutes_stations,0.2758,-0.0357,0.5873,0.0801,26
NS,anomalie_stations_longues,0.3388,0.0134,0.6641,0.0419,26
NT,moyenne_simple,0.7538,0.241,1.2666,0.0057,26
NT,anomalie_toutes_stations,0.5085,0.0156,1.0013,0.0437,26
NT,anomalie_stations_longues,0.6239,0.1303,1.1175,0.0154,26
NU,moyenne_simple,0.5681,-0.0217,1.1578,0.0583,26
NU,anomalie_toutes_stations,0.4806,-0.0948,1.056,0.0976,26
NU,anomalie_stations_longues,0.542,-0.0284,1.1124,0.0616,26
ON,moyenne_simple,-0.1994,-0.6635,0.2647,0.3841,26
ON,anomalie_toutes_stations,0.3022,-0.1577,0.762,0.1876,26
ON,anomalie_stations_longues,0.3559,-0.0918,0.8037,0.1139,26
PE,moyenne_simple,0.3841,0.0454,0.7228,0.0279,26
PE,anomalie_toutes_stations,0.3839,0.0442,0.7235,0.0284,26
PE,anomalie_stations_longues,0.4431,0.0974,0.7888,0.0142,26
QC,moyenne_simple,-0.7389,-1.2513,-0.2265,0.0066,26
QC,anomalie_toutes_stations,0.4054,-0.0261,0.837,0.0643,26
QC,anomalie_stations_longues,0.4404,0.0065,0.8742,0.0469,26
SK,moyenne_simple,-0.0577,-0.5554,0.44,0.813,26
SK,anomalie_toutes_stations,0.1462,-0.3537,0.6462,0.5517,26
SK,anomalie_stations_longues,0.179,-0.3154,0.6734,0.4622,26
YT,moyenne_simple,0.2454,-0.1868,0.6775,0.2527,26
YT,anomalie_toutes_stations,0.3056,-0.1303,0.7415,0.1608,26
YT,anomalie_stations_longues,0.4134,-0.0375,0.8643,0.0706,26
