Province,Annee,AnomalieToutesStations,NbMois,NbStations,AnomalieStationsLongues,NbMoisLongues,NbStationsLongues,MoyenneSimple
AB,2000,-0.707,12.0,140.917,-0.763,12.0,52.75,2.02
AB,2001,0.634,12.0,147.583,0.496,12.0,58.833,3.307
AB,2002,-0.784,12.0,149.167,-0.957,12.0,59.417,1.894
AB,2003,-0.181,12.0,150.417,-0.29,12.0,59.667,2.623
AB,2004,0.095,12.0,147.0,-0.039,12.0,59.75,2.813
AB,2005,0.628,12.0,150.75,0.478,12.0,59.417,3.23
AB,2006,0.882,12.0,115.667,0.885,12.0,58.417,3.892
AB,2007,0.124,12.0,149.5,0.087,12.0,59.25,2.677
AB,2008,-0.244,12.0,145.333,-0.47,12.0,57.083,2.549
AB,2009,-0.924,12.0,146.083,-1.075,12.0,58.167,1.925
AB,2010,0.098,12.0,142.167,-0.068,12.0,59.083,3.033
AB,2011,-0.298,12.0,143.083,-0.484,12.0,60.0,2.63
AB,2012,0.091,12.0,110.0,0.038,12.0,58.583,3.414
AB,2013,-0.229,12.0,107.583,-0.164,12.0,59.417,2.993
AB,2014,-0.646,12.0,104.583,-0.579,12.0,59.833,2.55
AB,2015,1.093,12.0,100.333,1.119,12.0,59.667,4.264
AB,2016,1.346,12.0,93.25,1.351,12.0,59.0,4.532
AB,2017,0.159,12.0,87.25,0.091,12.0,58.583,3.399
AB,2018,-0.799,12.0,83.833,-0.761,12.0,57.667,2.502
AB,2019,-1.252,12.0,82.667,-1.255,12.0,58.583,2.01
AB,2020,-0.359,12.0,80.5,-0.267,12.0,57.667,2.894
AB,2021,0.129,12.0,79.333,0.226,12.0,56.833,3.446
AB,2022,-0.182,12.0,77.25,-0.101,12.0,55.0,3.15
AB,2023,1.544,12.0,76.583,1.558,12.0,53.667,4.757
AB,2024,0.461,12.0,76.417,0.482,12.0,53.833,3.675
AB,2025,0.47,12.0,77.417,0.554,12.0,54.417,3.655
BC,2000,-0.561,12.0,242.167,-0.575,12.0,130.083,6.971
BC,2001,-0.362,12.0,242.667,-0.442,12.0,130.25,7.197
BC,2002,-0.328,12.0,243.083,-0.339,12.0,130.333,7.207
BC,2003,0.195,12.0,245.75,0.158,12.0,132.0,7.742
BC,2004,0.703,12.0,200.5,0.659,12.0,111.5,8.355
BC,2005,0.222,12.0,245.333,0.128,12.0,134.583,7.776
BC,2006,0.149,12.0,247.25,0.021,12.0,132.417,7.649
BC,2007,-0.409,12.0,249.917,-0.459,12.0,133.167,7.116
BC,2008,-0.911,12.0,244.833,-0.99,12.0,132.333,6.607
BC,2009,-0.647,12.0,245.583,-0.67,12.0,135.167,7.022
BC,2010,0.154,12.0,248.083,0.066,12.0,138.333,7.879
BC,2011,-0.887,12.0,260.583,-0.975,12.0,137.333,6.944
BC,2012,-0.363,12.0,263.5,-0.433,12.0,137.333,7.49
BC,2013,0.152,12.0,261.75,0.087,12.0,137.833,8.017
BC,2014,0.193,12.0,258.417,0.269,12.0,138.75,8.114
BC,2015,1.138,12.0,252.5,1.147,12.0,138.25,9.064
BC,2016,0.855,12.0,246.417,0.839,12.0,138.75,8.789
BC,2017,-0.353,12.0,236.417,-0.317,12.0,137.5,7.657
BC,2018,0.09,12.0,219.583,0.2,12.0,133.25,8.165
BC,2019,-0.195,12.0,215.583,-0.071,12.0,134.667,7.846
BC,2020,-0.013,12.0,213.417,0.069,12.0,136.917,8.094
BC,2021,-0.05,12.0,206.417,0.007,12.0,133.583,8.064
BC,2022,-0.276,12.0,198.167,-0.206,12.0,127.75,7.885
BC,2023,0.821,12.0,190.583,0.811,12.0,122.583,9.011
BC,2024,0.458,12.0,190.25,0.508,12.0,119.0,8.574
BC,2025,0.609,12.0,184.583,0.676,12.0,115.417,8.704
CANADA,2000,-0.41,,,-0.465,,,1.815
CANADA,2001,0.35,,,0.281,,,2.529
CANADA,2002,-0.508,,,-0.573,,,1.702
CANADA,2003,-0.368,,,-0.434,,,1.84
CANADA,2004,-0.847,,,-0.896,,,1.306
CANADA,2005,0.212,,,0.108,,,2.313
CANADA,2006,0.881,,,0.804,,,3.017
CANADA,2007,-0.494,,,-0.566,,,1.626
CANADA,2008,-0.632,,,-0.736,,,1.476
CANADA,2009,-0.668,,,-0.757,,,1.483
CANADA,2010,1.08,,,0.985,,,3.256
CANADA,2011,-0.031,,,-0.115,,,2.104
CANADA,2012,0.562,,,0.471,,,2.7
CANADA,2013,-0.492,,,-0.541,,,1.636
CANADA,2014,-0.596,,,-0.623,,,1.551
CANADA,2015,-0.063,,,-0.048,,,2.063
CANADA,2016,0.717,,,0.728,,,2.849
CANADA,2017,0.099,,,0.112,,,2.224
CANADA,2018,-0.586,,,-0.533,,,1.425
CANADA,2019,-0.599,,,-0.61,,,1.338
CANADA,2020,-0.062,,,-0.008,,,1.879
CANADA,2021,0.558,,,0.583,,,2.491
CANADA,2022,-0.07,,,-0.026,,,1.895
CANADA,2023,1.091,,,1.093,,,3.059
CANADA,2024,1.179,,,1.188,,,3.161
CANADA,2025,0.448,,,0.493,,,2.426
MB,2000,-0.305,12.0,62.0,-0.391,12.0,34.75,1.729
MB,2001,0.876,12.0,62.833,0.728,12.0,35.583,2.837
MB,2002,-0.767,12.0,62.333,-0.815,12.0,35.833,1.173
MB,2003,-0.119,12.0,61.167,-0.238,12.0,33.917,1.765
MB,2004,-1.197,12.0,62.167,-1.189,12.0,35.083,0.613
MB,2005,0.38,12.0,62.583,0.294,12.0,37.167,2.093
MB,2006,1.286,12.0,62.917,1.194,12.0,37.5,2.936
MB,2007,-0.311,12.0,65.917,-0.406,12.0,38.333,1.273
MB,2008,-1.395,12.0,65.583,-1.494,12.0,37.917,0.341
MB,2009,-0.883,12.0,65.5,-1.016,12.0,36.917,0.841
MB,2010,1.108,12.0,66.667,1.015,12.0,38.083,2.948
MB,2011,0.324,12.0,66.5,0.267,12.0,37.25,2.03
MB,2012,1.151,12.0,67.5,1.156,12.0,38.0,2.777
MB,2013,-1.605,12.0,67.167,-1.647,12.0,38.75,-0.06
MB,2014,-1.67,12.0,66.083,-1.705,12.0,38.833,-0.112
MB,2015,0.901,12.0,62.0,0.98,12.0,38.833,2.468
MB,2016,1.359,12.0,60.0,1.439,12.0,38.833,2.874
MB,2017,0.276,12.0,57.25,0.348,12.0,38.667,1.731
MB,2018,-0.942,12.0,56.0,-0.829,12.0,38.917,0.436
MB,2019,-1.23,12.0,55.5,-1.234,12.0,38.417,0.045
MB,2020,0.01,12.0,54.5,0.155,12.0,38.333,1.293
MB,2021,1.034,12.0,54.833,1.16,12.0,38.667,2.206
MB,2022,-1.072,12.0,54.583,-1.089,12.0,38.0,0.121
MB,2023,1.149,12.0,54.667,1.128,12.0,37.75,2.393
MB,2024,1.828,12.0,54.833,1.883,12.0,37.917,3.097
MB,2025,0.305,12.0,54.167,0.345,12.0,38.0,1.539
NB,2000,-0.246,12.0,22.583,-0.045,12.0,6.5,5.287
NB,2001,0.481,12.0,23.833,0.624,12.0,7.75,6.08
NB,2002,-0.265,12.0,22.75,-0.062,12.0,7.833,5.335
NB,2003,-0.576,12.0,24.5,-0.263,12.0,8.083,5.092
NB,2004,-0.815,12.0,23.583,-0.691,12.0,8.667,4.771
NB,2005,0.074,12.0,22.667,0.095,12.0,9.833,5.629
NB,2006,1.192,12.0,26.417,1.156,12.0,10.417,6.776
NB,2007,-0.712,12.0,27.583,-0.777,12.0,10.0,4.835
NB,2008,-0.366,12.0,28.917,-0.632,12.0,10.833,5.151
NB,2009,-0.505,12.0,29.417,-0.692,12.0,10.833,4.994
NB,2010,1.45,12.0,27.5,1.322,12.0,10.667,6.904
NB,2011,0.068,12.0,26.833,-0.074,12.0,10.917,5.617
NB,2012,0.681,12.0,26.833,0.655,12.0,11.0,6.277
NB,2013,-0.326,12.0,27.75,-0.359,12.0,10.667,5.196
NB,2014,-0.521,12.0,25.25,-0.549,12.0,10.667,4.904
NB,2015,-0.882,12.0,27.167,-0.86,12.0,11.0,4.655
NB,2016,0.188,12.0,27.417,0.225,12.0,10.917,5.821
NB,2017,-0.131,12.0,26.833,-0.142,12.0,10.917,5.589
NB,2018,-0.598,12.0,24.917,-0.643,12.0,11.0,5.126
NB,2019,-1.214,12.0,24.167,-1.379,12.0,10.417,4.542
NB,2020,0.319,12.0,22.667,0.215,12.0,10.5,6.04
NB,2021,0.839,12.0,22.0,0.885,12.0,10.333,6.588
NB,2022,0.401,12.0,21.25,0.297,12.0,10.0,6.157
NB,2023,0.712,12.0,21.167,0.622,12.0,10.0,6.468
NB,2024,1.206,12.0,21.167,1.156,12.0,10.0,6.972
NB,2025,0.039,12.0,21.167,0.121,12.0,10.0,5.814
NL,2000,0.128,12.0,52.583,-0.003,12.0,16.167,4.526
NL,2001,0.127,12.0,54.667,-0.009,12.0,16.75,4.346
NL,2002,-1.12,12.0,55.167,-1.201,12.0,16.833,3.185
NL,2003,-0.193,12.0,56.333,-0.309,12.0,17.833,3.956
NL,2004,0.042,12.0,56.167,0.004,12.0,17.75,4.011
NL,2005,0.457,12.0,49.5,0.361,12.0,17.833,4.223
NL,2006,1.132,12.0,56.083,1.137,12.0,18.917,5.043
NL,2007,-0.69,12.0,53.417,-0.718,12.0,18.75,3.13
NL,2008,-0.287,12.0,61.583,-0.331,12.0,18.75,3.599
NL,2009,-0.479,12.0,66.25,-0.411,12.0,19.0,3.373
NL,2010,1.431,12.0,60.167,1.3,12.0,18.5,5.271
NL,2011,-0.238,12.0,56.75,-0.198,12.0,18.583,3.354
NL,2012,0.987,12.0,62.417,0.901,12.0,19.0,4.589
NL,2013,-0.037,12.0,65.167,-0.137,12.0,18.833,3.559
NL,2014,-0.49,12.0,61.583,-0.538,12.0,18.833,3.027
NL,2015,-1.427,12.0,63.083,-1.368,12.0,18.5,2.223
NL,2016,-0.442,12.0,58.25,-0.491,12.0,18.5,3.376
NL,2017,-0.425,12.0,48.5,-0.476,12.0,18.167,3.247
NL,2018,-0.66,12.0,41.0,-0.68,12.0,16.25,3.063
NL,2019,-0.845,12.0,42.917,-0.915,12.0,15.5,2.743
NL,2020,0.052,12.0,38.0,0.195,12.0,16.0,3.401
NL,2021,1.238,12.0,34.917,1.237,12.0,15.0,4.659
NL,2022,0.647,12.0,36.583,0.623,12.0,16.417,4.405
NL,2023,0.308,12.0,38.0,0.202,12.0,17.0,4.148
NL,2024,1.443,12.0,37.5,1.371,12.0,16.5,5.196
NL,2025,0.717,12.0,36.25,0.697,12.0,15.75,4.452
NS,2000,-0.142,12.0,30.0,-0.303,12.0,10.167,7.003
NS,2001,-0.053,12.0,31.333,-0.081,12.0,10.833,7.14
NS,2002,-0.53,12.0,31.75,-0.602,12.0,10.917,6.624
NS,2003,-0.566,12.0,32.5,-0.771,12.0,12.333,6.633
NS,2004,-0.954,12.0,33.0,-1.008,12.0,13.583,6.119
NS,2005,-0.101,12.0,31.5,-0.185,12.0,15.083,7.05
NS,2006,0.981,12.0,34.667,0.988,12.0,17.583,8.128
NS,2007,-0.784,12.0,33.333,-0.876,12.0,17.667,6.344
NS,2008,-0.036,12.0,38.083,-0.067,12.0,17.833,7.089
NS,2009,-0.516,12.0,39.667,-0.6,12.0,18.0,6.653
NS,2010,0.936,12.0,35.0,0.932,12.0,18.0,8.088
NS,2011,0.228,12.0,36.917,0.161,12.0,18.0,7.389
NS,2012,0.961,12.0,37.583,0.858,12.0,18.0,8.17
NS,2013,-0.234,12.0,38.75,-0.379,12.0,18.0,6.966
NS,2014,-0.186,12.0,36.417,-0.373,12.0,18.0,7.084
NS,2015,-0.887,12.0,35.75,-1.003,12.0,17.917,6.344
NS,2016,0.138,12.0,35.5,0.238,12.0,18.0,7.384
NS,2017,0.058,12.0,34.25,0.13,12.0,17.833,7.269
NS,2018,-0.328,12.0,34.333,-0.328,12.0,17.667,6.977
NS,2019,-0.911,12.0,33.75,-0.92,12.0,18.0,6.435
NS,2020,0.28,12.0,32.0,0.24,12.0,18.0,7.652
NS,2021,0.733,12.0,30.833,0.728,12.0,17.833,8.08
NS,2022,0.674,12.0,30.417,0.724,12.0,18.0,8.029
NS,2023,0.567,12.0,29.667,0.599,12.0,17.25,7.877
NS,2024,0.793,12.0,29.417,0.883,12.0,17.0,8.057
NS,2025,0.094,12.0,29.417,0.139,12.0,17.0,7.389
NT,2000,-0.787,12.0,44.25,-1.126,12.0,19.25,-7.026
NT,2001,0.295,12.0,45.333,0.089,12.0,19.667,-6.044
NT,2002,-0.618,12.0,45.75,-0.765,12.0,19.417,-6.803
NT,2003,-0.29,12.0,47.417,-0.524,12.0,20.75,-6.513
NT,2004,-2.395,12.0,49.667,-2.564,12.0,23.833,-8.473
NT,2005,0.189,12.0,52.417,-0.064,12.0,25.5,-5.91
NT,2006,1.173,12.0,50.167,0.959,12.0,25.917,-4.998
NT,2007,-0.702,12.0,48.833,-0.847,12.0,25.417,-6.747
NT,2008,-0.792,12.0,51.333,-0.866,12.0,25.75,-6.88
NT,2009,-0.942,12.0,43.583,-0.958,12.0,25.5,-6.508
NT,2010,1.44,12.0,49.917,1.316,12.0,25.417,-4.166
NT,2011,0.028,12.0,40.167,0.087,12.0,24.667,-5.683
NT,2012,0.369,12.0,39.25,0.366,12.0,24.75,-5.524
NT,2013,-0.643,12.0,47.583,-0.632,12.0,23.5,-6.515
NT,2014,-0.302,12.0,47.75,-0.216,12.0,23.917,-5.787
NT,2015,0.627,12.0,35.917,0.842,12.0,22.083,-5.042
NT,2016,1.157,12.0,35.833,1.223,12.0,22.25,-4.377
NT,2017,0.999,12.0,33.833,0.979,12.0,22.833,-4.503
NT,2018,-0.14,12.0,34.833,-0.121,12.0,23.5,-5.847
NT,2019,0.45,12.0,34.583,0.404,12.0,24.5,-5.375
NT,2020,-0.723,12.0,35.583,-0.934,12.0,24.833,-6.463
NT,2021,-0.603,12.0,36.167,-0.628,12.0,25.333,-6.536
NT,2022,-0.514,12.0,37.083,-0.393,12.0,25.667,-6.279
NT,2023,2.298,12.0,36.333,2.264,12.0,25.667,-3.458
NT,2024,0.854,12.0,34.75,0.928,12.0,24.5,-4.792
NT,2025,0.837,12.0,34.583,0.828,12.0,23.833,-4.757
NU,2000,-0.508,12.0,40.333,-0.353,12.0,7.5,-11.695
NU,2001,0.174,12.0,40.167,0.149,12.0,7.5,-10.992
NU,2002,-0.685,12.0,41.583,-0.778,12.0,8.333,-11.825
NU,2003,-0.01,12.0,42.333,0.012,12.0,10.083,-11.229
NU,2004,-2.555,12.0,43.833,-2.703,12.0,11.917,-13.74
NU,2005,-0.252,12.0,52.583,-0.451,12.0,18.583,-11.512
NU,2006,1.399,12.0,52.333,1.188,12.0,18.333,-9.861
NU,2007,-0.598,12.0,52.75,-0.805,12.0,19.25,-11.839
NU,2008,-0.771,12.0,53.083,-0.981,12.0,18.917,-12.031
NU,2009,0.026,12.0,54.333,-0.221,12.0,19.333,-11.142
NU,2010,2.595,12.0,50.5,2.507,12.0,19.25,-8.403
NU,2011,-0.048,12.0,41.667,-0.111,12.0,18.917,-11.162
NU,2012,0.377,12.0,51.833,0.247,12.0,19.833,-10.851
NU,2013,-0.656,12.0,60.25,-0.795,12.0,20.0,-11.77
NU,2014,-0.588,12.0,61.583,-0.666,12.0,19.75,-11.595
NU,2015,-1.414,12.0,55.833,-1.497,12.0,19.333,-12.564
NU,2016,0.444,12.0,52.833,0.47,12.0,17.333,-10.76
NU,2017,-0.119,12.0,50.583,-0.024,12.0,17.667,-11.314
NU,2018,-1.634,12.0,51.083,-1.435,12.0,18.667,-12.765
NU,2019,0.304,12.0,49.833,0.439,12.0,19.5,-10.819
NU,2020,-0.235,12.0,48.333,-0.203,12.0,18.75,-11.322
NU,2021,1.036,12.0,54.25,1.031,12.0,19.75,-9.976
NU,2022,-0.247,12.0,51.75,-0.245,12.0,18.833,-11.271
NU,2023,1.047,12.0,47.583,1.105,12.0,17.833,-10.006
NU,2024,1.878,12.0,42.417,1.782,12.0,15.917,-9.025
NU,2025,1.402,12.0,43.75,1.448,12.0,16.0,-9.565
ON,2000,-0.602,12.0,125.417,-0.687,12.0,61.75,6.012
ON,2001,0.686,12.0,133.0,0.648,12.0,67.333,7.202
ON,2002,0.023,12.0,136.25,-0.003,12.0,69.75,6.628
ON,2003,-1.003,12.0,138.417,-1.064,12.0,73.417,5.503
ON,2004,-0.869,12.0,143.333,-0.893,12.0,77.0,5.529
ON,2005,0.097,12.0,137.25,-0.014,12.0,74.75,6.442
ON,2006,0.831,12.0,148.0,0.732,12.0,79.583,7.141
ON,2007,-0.204,12.0,156.667,-0.294,12.0,82.333,6.108
ON,2008,-0.78,12.0,157.333,-0.843,12.0,81.833,5.457
ON,2009,-0.863,12.0,163.917,-0.948,12.0,81.917,5.315
ON,2010,0.896,12.0,167.417,0.816,12.0,82.333,7.082
ON,2011,0.222,12.0,166.417,0.223,12.0,80.583,6.423
ON,2012,1.454,12.0,163.5,1.447,12.0,78.833,7.612
ON,2013,-0.73,12.0,163.25,-0.658,12.0,79.667,5.32
ON,2014,-1.636,12.0,156.917,-1.592,12.0,80.083,4.395
ON,2015,-0.387,12.0,156.833,-0.403,12.0,81.667,5.566
ON,2016,0.781,12.0,155.75,0.786,12.0,82.417,6.734
ON,2017,0.115,12.0,150.833,0.172,12.0,82.083,6.026
ON,2018,-0.447,12.0,149.167,-0.341,12.0,82.333,5.36
ON,2019,-1.056,12.0,147.25,-0.997,12.0,81.75,4.508
ON,2020,0.473,12.0,144.833,0.553,12.0,80.0,6.046
ON,2021,1.064,12.0,145.0,1.045,12.0,81.25,6.658
ON,2022,-0.339,12.0,137.417,-0.232,12.0,80.167,5.149
ON,2023,0.96,12.0,130.0,0.961,12.0,76.25,6.424
ON,2024,1.847,12.0,125.25,1.8,12.0,72.167,7.257
ON,2025,-0.093,12.0,122.667,-0.069,12.0,71.25,5.272
PE,2000,-0.328,12.0,7.417,-0.441,12.0,3.417,6.256
PE,2001,0.064,12.0,7.75,-0.002,12.0,3.833,6.586
PE,2002,-0.622,12.0,8.25,-0.631,12.0,4.25,5.891
PE,2003,-0.669,12.0,9.333,-0.771,12.0,5.333,5.843
PE,2004,-0.961,12.0,10.75,-0.893,12.0,5.833,5.517
PE,2005,-0.257,12.0,10.0,-0.221,12.0,5.5,6.238
PE,2006,1.012,12.0,10.0,1.103,12.0,5.667,7.55
PE,2007,-0.767,12.0,10.167,-0.74,12.0,6.0,5.788
PE,2008,-0.198,12.0,9.0,-0.341,12.0,6.0,6.336
PE,2009,-0.451,12.0,9.0,-0.542,12.0,6.0,6.038
PE,2010,1.164,12.0,9.0,1.048,12.0,6.0,7.68
PE,2011,0.107,12.0,9.0,-0.078,12.0,6.0,6.618
PE,2012,0.855,12.0,9.083,0.698,12.0,6.0,7.337
PE,2013,-0.387,12.0,8.75,-0.431,12.0,6.0,6.177
PE,2014,-0.354,12.0,9.0,-0.435,12.0,6.0,6.195
PE,2015,-0.919,12.0,9.0,-0.953,12.0,6.0,5.631
PE,2016,0.067,12.0,8.0,0.04,12.0,6.0,6.635
PE,2017,0.038,12.0,7.0,0.065,12.0,6.0,6.533
PE,2018,-0.489,12.0,8.167,-0.502,12.0,6.0,6.01
PE,2019,-0.796,12.0,8.5,-0.813,12.0,5.583,5.744
PE,2020,0.483,12.0,8.417,0.615,12.0,5.667,7.03
PE,2021,0.955,12.0,8.167,1.091,12.0,5.25,7.519
PE,2022,0.813,12.0,9.0,0.877,12.0,6.0,7.323
PE,2023,0.566,12.0,8.583,0.591,12.0,5.583,7.085
PE,2024,1.247,12.0,8.0,1.358,12.0,5.0,7.754
PE,2025,0.314,12.0,8.0,0.434,12.0,5.0,6.821
QC,2000,-0.733,12.0,195.75,-0.707,12.0,52.583,3.837
QC,2001,0.485,12.0,202.75,0.424,12.0,59.333,4.883
QC,2002,-0.351,12.0,203.0,-0.645,12.0,59.25,4.137
QC,2003,-0.994,12.0,205.583,-1.038,12.0,60.917,3.524
QC,2004,-1.066,12.0,206.083,-1.164,12.0,61.667,3.502
QC,2005,-0.015,12.0,207.917,-0.108,12.0,63.167,4.523
QC,2006,0.931,12.0,206.083,0.863,12.0,63.333,5.425
QC,2007,-0.742,12.0,211.833,-0.758,12.0,63.5,3.716
QC,2008,-0.343,12.0,213.5,-0.389,12.0,63.167,4.087
QC,2009,-0.578,12.0,216.083,-0.585,12.0,63.25,3.805
QC,2010,1.519,12.0,217.5,1.551,12.0,63.833,5.87
QC,2011,0.448,12.0,214.833,0.22,12.0,63.25,4.709
QC,2012,1.098,12.0,220.083,0.919,12.0,63.0,5.282
QC,2013,-0.177,12.0,219.25,-0.359,12.0,63.25,4.016
QC,2014,-0.579,12.0,214.75,-0.683,12.0,64.0,3.582
QC,2015,-0.59,12.0,206.417,-0.706,12.0,63.167,3.496
QC,2016,0.305,12.0,195.0,0.167,12.0,62.5,4.315
QC,2017,-0.021,12.0,190.5,-0.188,12.0,63.083,3.959
QC,2018,-0.741,12.0,114.333,-0.625,12.0,63.917,2.212
QC,2019,-1.055,12.0,93.917,-1.148,12.0,60.083,1.104
QC,2020,0.22,12.0,92.417,0.301,12.0,59.75,2.251
QC,2021,1.266,12.0,95.083,1.29,12.0,61.75,3.436
QC,2022,0.021,12.0,97.25,0.023,12.0,63.25,2.194
QC,2023,1.11,12.0,96.0,1.144,12.0,62.667,3.296
QC,2024,1.962,12.0,95.667,1.935,12.0,62.667,4.182
QC,2025,0.192,12.0,94.833,0.146,12.0,61.917,2.435
SK,2000,-0.394,12.0,88.083,-0.42,12.0,48.833,2.056
SK,2001,1.02,12.0,88.667,0.993,12.0,50.0,3.465
SK,2002,-0.87,12.0,89.667,-0.867,12.0,50.0,1.623
SK,2003,-0.103,12.0,89.333,-0.076,12.0,49.833,2.359
SK,2004,-0.749,12.0,90.0,-0.725,12.0,50.083,1.755
SK,2005,0.513,12.0,89.25,0.429,12.0,50.583,2.924
SK,2006,1.175,12.0,86.917,1.124,12.0,49.667,3.521
SK,2007,0.108,12.0,91.833,0.05,12.0,52.667,2.529
SK,2008,-0.85,12.0,91.917,-0.845,12.0,51.667,1.474
SK,2009,-1.187,12.0,92.833,-1.292,12.0,51.917,1.059
SK,2010,0.383,12.0,91.75,0.278,12.0,51.583,2.646
SK,2011,0.125,12.0,91.917,0.064,12.0,52.0,2.381
SK,2012,0.794,12.0,91.333,0.688,12.0,52.167,2.975
SK,2013,-1.213,12.0,89.833,-1.243,12.0,52.833,0.934
SK,2014,-1.261,12.0,87.833,-1.23,12.0,52.75,0.862
SK,2015,1.118,12.0,84.667,1.145,12.0,52.75,3.21
SK,2016,1.58,12.0,82.25,1.67,12.0,52.417,3.619
SK,2017,0.547,12.0,82.0,0.563,12.0,52.833,2.583
SK,2018,-1.016,12.0,76.417,-0.952,12.0,52.667,1.026
SK,2019,-1.337,12.0,74.75,-1.333,12.0,53.0,0.768
SK,2020,-0.266,12.0,73.25,-0.176,12.0,52.75,1.839
SK,2021,0.52,12.0,72.167,0.576,12.0,52.75,2.615
SK,2022,-0.821,12.0,70.25,-0.723,12.0,51.0,1.275
SK,2023,1.333,12.0,68.5,1.285,12.0,48.833,3.377
SK,2024,1.019,12.0,66.833,1.008,12.0,48.0,3.055
SK,2025,0.241,12.0,65.25,0.265,12.0,47.25,2.302
YT,2000,-0.145,12.0,27.75,-0.238,12.0,9.917,-3.378
YT,2001,0.123,12.0,27.0,0.04,12.0,9.417,-3.128
YT,2002,0.311,12.0,25.917,0.214,12.0,9.083,-2.946
YT,2003,-0.271,12.0,26.917,-0.473,12.0,10.417,-3.385
YT,2004,-0.286,12.0,26.667,-0.436,12.0,9.833,-3.799
YT,2005,0.824,12.0,28.5,0.661,12.0,10.75,-2.63
YT,2006,-0.686,12.0,27.667,-0.899,12.0,10.667,-3.987
YT,2007,-0.74,12.0,26.5,-0.819,12.0,10.833,-3.795
YT,2008,-1.242,12.0,25.833,-1.322,12.0,10.583,-4.586
YT,2009,-0.732,12.0,27.083,-0.836,12.0,10.75,-4.095
YT,2010,0.86,12.0,27.25,0.72,12.0,10.917,-2.506
YT,2011,-0.486,12.0,28.833,-0.598,12.0,10.917,-3.904
YT,2012,-1.145,12.0,29.75,-1.42,12.0,10.583,-4.442
YT,2013,-0.316,12.0,29.0,-0.317,12.0,10.0,-3.56
YT,2014,0.291,12.0,27.25,0.203,12.0,9.833,-3.054
YT,2015,0.807,12.0,23.75,0.938,12.0,10.417,-2.492
YT,2016,1.542,12.0,22.5,1.505,12.0,10.917,-1.908
YT,2017,0.141,12.0,19.5,0.258,12.0,9.917,-3.272
YT,2018,0.082,12.0,16.5,0.093,12.0,9.333,-3.742
YT,2019,1.354,12.0,19.417,1.289,12.0,10.75,-2.16
YT,2020,-1.051,12.0,19.583,-0.872,12.0,11.0,-4.331
YT,2021,-0.908,12.0,20.0,-1.065,12.0,11.0,-4.377
YT,2022,-0.014,12.0,19.417,0.109,12.0,11.0,-3.507
YT,2023,1.767,12.0,19.0,1.935,12.0,11.0,-1.61
YT,2024,0.33,12.0,18.333,0.351,12.0,11.0,-2.916
YT,2025,0.696,12.0,17.917,0.826,12.0,11.0,-2.518
